{
	"credit": "Made with Blockbench",
	"ambientocclusion": false,
	"texture_size": [32, 32],
	"textures": {
		"0": "blocks/autumnal_maple_leaves",
		"3": "blocks/autumnal_maple_leaves",
		"particle": "blocks/autumnal_maple_leaves"
	},
	"elements": [
		{
			"from": [-12.8, -8, 8],
			"to": [28.8, 24, 8],
			"shade": false,
			"rotation": {"angle": 45, "axis": "y", "origin": [8, 8, 8]},
			"faces": {
				"north": {"uv": [0, 0, 16, 16], "texture": "#0"},
				"south": {"uv": [0, 0, 16, 16], "texture": "#0"}
			}
		},
		{
			"from": [-12.8, -8, 8],
			"to": [28.8, 24, 8],
			"shade": false,
			"rotation": {"angle": -45, "axis": "y", "origin": [8, 8, 8]},
			"faces": {
				"north": {"uv": [0, 0, 16, 16], "texture": "#0"},
				"south": {"uv": [0, 0, 16, 16], "texture": "#0"}
			}
		},
		{
			"from": [-6.5, 7.5, -8],
			"to": [16, 7.5, 24],
			"shade": false,
			"rotation": {"angle": 45, "axis": "z", "origin": [5.5, 11.5, 0]},
			"faces": {
				"up": {"uv": [0, 2.75, 16, 14], "rotation": 90, "texture": "#3"},
				"down": {"uv": [0, 3, 16, 14.25], "rotation": 90, "texture": "#3"}
			}
		},
		{
			"from": [-8, 8.22487, -3.40381],
			"to": [24, 8.22487, 19.09619],
			"shade": false,
			"rotation": {"angle": -45, "axis": "x", "origin": [8, 8.125, 7.9231]},
			"faces": {
				"up": {"uv": [0, 2.75, 16, 14], "texture": "#3"},
				"down": {"uv": [0, 2.75, 16, 14], "texture": "#3"}
			}
		},
		{
			"from": [-6.25, 8.75, -8],
			"to": [16.25, 8.75, 24],
			"shade": false,
			"rotation": {"angle": -45, "axis": "z", "origin": [5.75, 4.75, 0]},
			"faces": {
				"up": {"uv": [0, 2.75, 16, 14], "rotation": 90, "texture": "#3"},
				"down": {"uv": [0, 2.75, 16, 14], "rotation": 90, "texture": "#3"}
			}
		},
		{
			"from": [-8, 8.2019, -3.22703],
			"to": [24, 8.2019, 19.27297],
			"shade": false,
			"rotation": {"angle": 45, "axis": "x", "origin": [8, 8.125, 7.9231]},
			"faces": {
				"up": {"uv": [0, 2.75, 16, 14], "texture": "#3"},
				"down": {"uv": [0, 2.75, 16, 14], "texture": "#3"}
			}
		}
	],
	"display": {
		"thirdperson_righthand": {
			"rotation": [75, 45, 0],
			"translation": [0, 2.5, 0],
			"scale": [0.375, 0.375, 0.375]
		},
		"thirdperson_lefthand": {
			"rotation": [75, 45, 0],
			"translation": [0, 2.5, 0],
			"scale": [0.375, 0.375, 0.375]
		},
		"firstperson_righthand": {
			"rotation": [0, 45, 0],
			"scale": [0.4, 0.4, 0.4]
		},
		"firstperson_lefthand": {
			"rotation": [0, 225, 0],
			"scale": [0.4, 0.4, 0.4]
		},
		"ground": {
			"translation": [0, 3, 0],
			"scale": [0.25, 0.25, 0.25]
		},
		"gui": {
			"rotation": [30, -15, 0],
			"translation": [-0.25, -0.5, 0],
			"scale": [0.42, 0.42, 0.42]
		},
		"fixed": {
			"scale": [0.5, 0.5, 0.5]
		}
	},
	"groups": [0, 1,
		{
			"name": "group",
			"origin": [8, 8, 8],
			"children": [2, 3, 4, 5]
		}
	]
}